billing_cycle,invoice_due
01-03-2023,2023-03-20T23:59:59
01-04-2023,2023-04-20T23:59:59
01-05-2023,2023-05-20T23:59:59
01-06-2023,2023-06-20T23:59:59
01-07-2023,2023-07-20T23:59:59
01-08-2023,2023-08-20T23:59:59
01-09-2023,2023-09-20T23:59:59
01-10-2023,2023-10-20T23:59:59
01-11-2023,2023-11-20T23:59:59
01-12-2023,2023-12-20T23:59:59
01-01-2024,2024-01-20T23:59:59
01-02-2024,2024-02-20T23:59:59
01-03-2024,2024-03-20T23:59:59
01-04-2024,2024-04-20T23:59:59
01-05-2024,2024-05-20T23:59:59
01-06-2024,2024-06-20T23:59:59
01-07-2024,2024-07-20T23:59:59
01-08-2024,2024-08-20T23:59:59
01-09-2024,2024-09-20T23:59:59
01-10-2024,2024-10-20T23:59:59
01-11-2024,2024-11-20T23:59:59
01-12-2024,2024-12-20T23:59:59
01-01-2025,2025-01-20T23:59:59
01-02-2025,2025-02-20T23:59:59
01-03-2025,2025-03-20T23:59:59
01-04-2025,2025-04-20T23:59:59
01-05-2025,2025-05-20T23:59:59
01-06-2025,2025-06-20T23:59:59
01-07-2025,2025-07-20T23:59:59
01-08-2025,2025-08-20T23:59:59
01-09-2025,2025-09-20T23:59:59
01-10-2025,2025-10-20T23:59:59
01-11-2025,2025-11-20T23:59:59
01-12-2025,2025-12-20T23:59:59
01-01-2026,2026-01-20T23:59:59
01-02-2026,2026-02-20T23:59:59
01-03-2026,2026-03-20T23:59:59
01-04-2026,2026-04-20T23:59:59
01-05-2026,2026-05-20T23:59:59
01-06-2026,2026-06-20T23:59:59
01-07-2026,2026-07-20T23:59:59
01-08-2026,2026-08-20T23:59:59
01-09-2026,2026-09-20T23:59:59
01-10-2026,2026-10-20T23:59:59
01-11-2026,2026-11-20T23:59:59
01-12-2026,2026-12-20T23:59:59
01-01-2027,2027-01-20T23:59:59
01-02-2027,2027-02-20T23:59:59
01-03-2027,2027-03-20T23:59:59
01-04-2027,2027-04-20T23:59:59
01-05-2027,2027-05-20T23:59:59
01-06-2027,2027-06-20T23:59:59
01-07-2027,2027-07-20T23:59:59
01-08-2027,2027-08-20T23:59:59
01-09-2027,2027-09-20T23:59:59
01-10-2027,2027-10-20T23:59:59
01-11-2027,2027-11-20T23:59:59
01-12-2027,2027-12-20T23:59:59
01-01-2028,2028-01-20T23:59:59
01-02-2028,2028-02-20T23:59:59
01-03-2028,2028-03-20T23:59:59
01-04-2028,2028-04-20T23:59:59
01-05-2028,2028-05-20T23:59:59
01-06-2028,2028-06-20T23:59:59
01-07-2028,2028-07-20T23:59:59
01-08-2028,2028-08-20T23:59:59
01-09-2028,2028-09-20T23:59:59
01-10-2028,2028-10-20T23:59:59
01-11-2028,2028-11-20T23:59:59
01-12-2028,2028-12-20T23:59:59
01-01-2029,2029-01-20T23:59:59
01-02-2029,2029-02-20T23:59:59
01-03-2029,2029-03-20T23:59:59
01-04-2029,2029-04-20T23:59:59
01-05-2029,2029-05-20T23:59:59
01-06-2029,2029-06-20T23:59:59
01-07-2029,2029-07-20T23:59:59
01-08-2029,2029-08-20T23:59:59
01-09-2029,2029-09-20T23:59:59
01-10-2029,2029-10-20T23:59:59
01-11-2029,2029-11-20T23:59:59
01-12-2029,2029-12-20T23:59:59
01-01-2030,2030-01-20T23:59:59
