billing_cycle_key,next_cycle,previous_cycle,month,next_month,previous_month
01-02-2000,01-03-2000,01-01-2000,2000-01,2000-02,1999-12
01-03-2000,01-04-2000,01-02-2000,2000-02,2000-03,2000-01
01-04-2000,01-05-2000,01-03-2000,2000-03,2000-04,2000-02
01-05-2000,01-06-2000,01-04-2000,2000-04,2000-05,2000-03
01-06-2000,01-07-2000,01-05-2000,2000-05,2000-06,2000-04
01-07-2000,01-08-2000,01-06-2000,2000-06,2000-07,2000-05
01-08-2000,01-09-2000,01-07-2000,2000-07,2000-08,2000-06
01-09-2000,01-10-2000,01-08-2000,2000-08,2000-09,2000-07
01-10-2000,01-11-2000,01-09-2000,2000-09,2000-10,2000-08
01-11-2000,01-12-2000,01-10-2000,2000-10,2000-11,2000-09
01-12-2000,01-01-2001,01-11-2000,2000-11,2000-12,2000-10
01-01-2001,01-02-2001,01-12-2000,2000-12,2001-01,2000-11
01-02-2001,01-03-2001,01-01-2001,2001-01,2001-02,2000-12
01-03-2001,01-04-2001,01-02-2001,2001-02,2001-03,2001-01
01-04-2001,01-05-2001,01-03-2001,2001-03,2001-04,2001-02
01-05-2001,01-06-2001,01-04-2001,2001-04,2001-05,2001-03
01-06-2001,01-07-2001,01-05-2001,2001-05,2001-06,2001-04
01-07-2001,01-08-2001,01-06-2001,2001-06,2001-07,2001-05
01-08-2001,01-09-2001,01-07-2001,2001-07,2001-08,2001-06
01-09-2001,01-10-2001,01-08-2001,2001-08,2001-09,2001-07
01-10-2001,01-11-2001,01-09-2001,2001-09,2001-10,2001-08
01-11-2001,01-12-2001,01-10-2001,2001-10,2001-11,2001-09
01-12-2001,01-01-2002,01-11-2001,2001-11,2001-12,2001-10
01-01-2002,01-02-2002,01-12-2001,2001-12,2002-01,2001-11
01-02-2002,01-03-2002,01-01-2002,2002-01,2002-02,2001-12
01-03-2002,01-04-2002,01-02-2002,2002-02,2002-03,2002-01
01-04-2002,01-05-2002,01-03-2002,2002-03,2002-04,2002-02
01-05-2002,01-06-2002,01-04-2002,2002-04,2002-05,2002-03
01-06-2002,01-07-2002,01-05-2002,2002-05,2002-06,2002-04
01-07-2002,01-08-2002,01-06-2002,2002-06,2002-07,2002-05
01-08-2002,01-09-2002,01-07-2002,2002-07,2002-08,2002-06
01-09-2002,01-10-2002,01-08-2002,2002-08,2002-09,2002-07
01-10-2002,01-11-2002,01-09-2002,2002-09,2002-10,2002-08
01-11-2002,01-12-2002,01-10-2002,2002-10,2002-11,2002-09
01-12-2002,01-01-2003,01-11-2002,2002-11,2002-12,2002-10
01-01-2003,01-02-2003,01-12-2002,2002-12,2003-01,2002-11
01-02-2003,01-03-2003,01-01-2003,2003-01,2003-02,2002-12
01-03-2003,01-04-2003,01-02-2003,2003-02,2003-03,2003-01
01-04-2003,01-05-2003,01-03-2003,2003-03,2003-04,2003-02
01-05-2003,01-06-2003,01-04-2003,2003-04,2003-05,2003-03
01-06-2003,01-07-2003,01-05-2003,2003-05,2003-06,2003-04
01-07-2003,01-08-2003,01-06-2003,2003-06,2003-07,2003-05
01-08-2003,01-09-2003,01-07-2003,2003-07,2003-08,2003-06
01-09-2003,01-10-2003,01-08-2003,2003-08,2003-09,2003-07
01-10-2003,01-11-2003,01-09-2003,2003-09,2003-10,2003-08
01-11-2003,01-12-2003,01-10-2003,2003-10,2003-11,2003-09
01-12-2003,01-01-2004,01-11-2003,2003-11,2003-12,2003-10
01-01-2004,01-02-2004,01-12-2003,2003-12,2004-01,2003-11
01-02-2004,01-03-2004,01-01-2004,2004-01,2004-02,2003-12
01-03-2004,01-04-2004,01-02-2004,2004-02,2004-03,2004-01
01-04-2004,01-05-2004,01-03-2004,2004-03,2004-04,2004-02
01-05-2004,01-06-2004,01-04-2004,2004-04,2004-05,2004-03
01-06-2004,01-07-2004,01-05-2004,2004-05,2004-06,2004-04
01-07-2004,01-08-2004,01-06-2004,2004-06,2004-07,2004-05
01-08-2004,01-09-2004,01-07-2004,2004-07,2004-08,2004-06
01-09-2004,01-10-2004,01-08-2004,2004-08,2004-09,2004-07
01-10-2004,01-11-2004,01-09-2004,2004-09,2004-10,2004-08
01-11-2004,01-12-2004,01-10-2004,2004-10,2004-11,2004-09
01-12-2004,01-01-2005,01-11-2004,2004-11,2004-12,2004-10
01-01-2005,01-02-2005,01-12-2004,2004-12,2005-01,2004-11
01-02-2005,01-03-2005,01-01-2005,2005-01,2005-02,2004-12
01-03-2005,01-04-2005,01-02-2005,2005-02,2005-03,2005-01
01-04-2005,01-05-2005,01-03-2005,2005-03,2005-04,2005-02
01-05-2005,01-06-2005,01-04-2005,2005-04,2005-05,2005-03
01-06-2005,01-07-2005,01-05-2005,2005-05,2005-06,2005-04
01-07-2005,01-08-2005,01-06-2005,2005-06,2005-07,2005-05
01-08-2005,01-09-2005,01-07-2005,2005-07,2005-08,2005-06
01-09-2005,01-10-2005,01-08-2005,2005-08,2005-09,2005-07
01-10-2005,01-11-2005,01-09-2005,2005-09,2005-10,2005-08
01-11-2005,01-12-2005,01-10-2005,2005-10,2005-11,2005-09
01-12-2005,01-01-2006,01-11-2005,2005-11,2005-12,2005-10
01-01-2006,01-02-2006,01-12-2005,2005-12,2006-01,2005-11
01-02-2006,01-03-2006,01-01-2006,2006-01,2006-02,2005-12
01-03-2006,01-04-2006,01-02-2006,2006-02,2006-03,2006-01
01-04-2006,01-05-2006,01-03-2006,2006-03,2006-04,2006-02
01-05-2006,01-06-2006,01-04-2006,2006-04,2006-05,2006-03
01-06-2006,01-07-2006,01-05-2006,2006-05,2006-06,2006-04
01-07-2006,01-08-2006,01-06-2006,2006-06,2006-07,2006-05
01-08-2006,01-09-2006,01-07-2006,2006-07,2006-08,2006-06
01-09-2006,01-10-2006,01-08-2006,2006-08,2006-09,2006-07
01-10-2006,01-11-2006,01-09-2006,2006-09,2006-10,2006-08
01-11-2006,01-12-2006,01-10-2006,2006-10,2006-11,2006-09
01-12-2006,01-01-2007,01-11-2006,2006-11,2006-12,2006-10
01-01-2007,01-02-2007,01-12-2006,2006-12,2007-01,2006-11
01-02-2007,01-03-2007,01-01-2007,2007-01,2007-02,2006-12
01-03-2007,01-04-2007,01-02-2007,2007-02,2007-03,2007-01
01-04-2007,01-05-2007,01-03-2007,2007-03,2007-04,2007-02
01-05-2007,01-06-2007,01-04-2007,2007-04,2007-05,2007-03
01-06-2007,01-07-2007,01-05-2007,2007-05,2007-06,2007-04
01-07-2007,01-08-2007,01-06-2007,2007-06,2007-07,2007-05
01-08-2007,01-09-2007,01-07-2007,2007-07,2007-08,2007-06
01-09-2007,01-10-2007,01-08-2007,2007-08,2007-09,2007-07
01-10-2007,01-11-2007,01-09-2007,2007-09,2007-10,2007-08
01-11-2007,01-12-2007,01-10-2007,2007-10,2007-11,2007-09
01-12-2007,01-01-2008,01-11-2007,2007-11,2007-12,2007-10
01-01-2008,01-02-2008,01-12-2007,2007-12,2008-01,2007-11
01-02-2008,01-03-2008,01-01-2008,2008-01,2008-02,2007-12
01-03-2008,01-04-2008,01-02-2008,2008-02,2008-03,2008-01
01-04-2008,01-05-2008,01-03-2008,2008-03,2008-04,2008-02
01-05-2008,01-06-2008,01-04-2008,2008-04,2008-05,2008-03
01-06-2008,01-07-2008,01-05-2008,2008-05,2008-06,2008-04
01-07-2008,01-08-2008,01-06-2008,2008-06,2008-07,2008-05
01-08-2008,01-09-2008,01-07-2008,2008-07,2008-08,2008-06
01-09-2008,01-10-2008,01-08-2008,2008-08,2008-09,2008-07
01-10-2008,01-11-2008,01-09-2008,2008-09,2008-10,2008-08
01-11-2008,01-12-2008,01-10-2008,2008-10,2008-11,2008-09
01-12-2008,01-01-2009,01-11-2008,2008-11,2008-12,2008-10
01-01-2009,01-02-2009,01-12-2008,2008-12,2009-01,2008-11
01-02-2009,01-03-2009,01-01-2009,2009-01,2009-02,2008-12
01-03-2009,01-04-2009,01-02-2009,2009-02,2009-03,2009-01
01-04-2009,01-05-2009,01-03-2009,2009-03,2009-04,2009-02
01-05-2009,01-06-2009,01-04-2009,2009-04,2009-05,2009-03
01-06-2009,01-07-2009,01-05-2009,2009-05,2009-06,2009-04
01-07-2009,01-08-2009,01-06-2009,2009-06,2009-07,2009-05
01-08-2009,01-09-2009,01-07-2009,2009-07,2009-08,2009-06
01-09-2009,01-10-2009,01-08-2009,2009-08,2009-09,2009-07
01-10-2009,01-11-2009,01-09-2009,2009-09,2009-10,2009-08
01-11-2009,01-12-2009,01-10-2009,2009-10,2009-11,2009-09
01-12-2009,01-01-2010,01-11-2009,2009-11,2009-12,2009-10
01-01-2010,01-02-2010,01-12-2009,2009-12,2010-01,2009-11
01-02-2010,01-03-2010,01-01-2010,2010-01,2010-02,2009-12
01-03-2010,01-04-2010,01-02-2010,2010-02,2010-03,2010-01
01-04-2010,01-05-2010,01-03-2010,2010-03,2010-04,2010-02
01-05-2010,01-06-2010,01-04-2010,2010-04,2010-05,2010-03
01-06-2010,01-07-2010,01-05-2010,2010-05,2010-06,2010-04
01-07-2010,01-08-2010,01-06-2010,2010-06,2010-07,2010-05
01-08-2010,01-09-2010,01-07-2010,2010-07,2010-08,2010-06
01-09-2010,01-10-2010,01-08-2010,2010-08,2010-09,2010-07
01-10-2010,01-11-2010,01-09-2010,2010-09,2010-10,2010-08
01-11-2010,01-12-2010,01-10-2010,2010-10,2010-11,2010-09
01-12-2010,01-01-2011,01-11-2010,2010-11,2010-12,2010-10
01-01-2011,01-02-2011,01-12-2010,2010-12,2011-01,2010-11
01-02-2011,01-03-2011,01-01-2011,2011-01,2011-02,2010-12
01-03-2011,01-04-2011,01-02-2011,2011-02,2011-03,2011-01
01-04-2011,01-05-2011,01-03-2011,2011-03,2011-04,2011-02
01-05-2011,01-06-2011,01-04-2011,2011-04,2011-05,2011-03
01-06-2011,01-07-2011,01-05-2011,2011-05,2011-06,2011-04
01-07-2011,01-08-2011,01-06-2011,2011-06,2011-07,2011-05
01-08-2011,01-09-2011,01-07-2011,2011-07,2011-08,2011-06
01-09-2011,01-10-2011,01-08-2011,2011-08,2011-09,2011-07
01-10-2011,01-11-2011,01-09-2011,2011-09,2011-10,2011-08
01-11-2011,01-12-2011,01-10-2011,2011-10,2011-11,2011-09
01-12-2011,01-01-2012,01-11-2011,2011-11,2011-12,2011-10
01-01-2012,01-02-2012,01-12-2011,2011-12,2012-01,2011-11
01-02-2012,01-03-2012,01-01-2012,2012-01,2012-02,2011-12
01-03-2012,01-04-2012,01-02-2012,2012-02,2012-03,2012-01
01-04-2012,01-05-2012,01-03-2012,2012-03,2012-04,2012-02
01-05-2012,01-06-2012,01-04-2012,2012-04,2012-05,2012-03
01-06-2012,01-07-2012,01-05-2012,2012-05,2012-06,2012-04
01-07-2012,01-08-2012,01-06-2012,2012-06,2012-07,2012-05
01-08-2012,01-09-2012,01-07-2012,2012-07,2012-08,2012-06
01-09-2012,01-10-2012,01-08-2012,2012-08,2012-09,2012-07
01-10-2012,01-11-2012,01-09-2012,2012-09,2012-10,2012-08
01-11-2012,01-12-2012,01-10-2012,2012-10,2012-11,2012-09
01-12-2012,01-01-2013,01-11-2012,2012-11,2012-12,2012-10
01-01-2013,01-02-2013,01-12-2012,2012-12,2013-01,2012-11
01-02-2013,01-03-2013,01-01-2013,2013-01,2013-02,2012-12
01-03-2013,01-04-2013,01-02-2013,2013-02,2013-03,2013-01
01-04-2013,01-05-2013,01-03-2013,2013-03,2013-04,2013-02
01-05-2013,01-06-2013,01-04-2013,2013-04,2013-05,2013-03
01-06-2013,01-07-2013,01-05-2013,2013-05,2013-06,2013-04
01-07-2013,01-08-2013,01-06-2013,2013-06,2013-07,2013-05
01-08-2013,01-09-2013,01-07-2013,2013-07,2013-08,2013-06
01-09-2013,01-10-2013,01-08-2013,2013-08,2013-09,2013-07
01-10-2013,01-11-2013,01-09-2013,2013-09,2013-10,2013-08
01-11-2013,01-12-2013,01-10-2013,2013-10,2013-11,2013-09
01-12-2013,01-01-2014,01-11-2013,2013-11,2013-12,2013-10
01-01-2014,01-02-2014,01-12-2013,2013-12,2014-01,2013-11
01-02-2014,01-03-2014,01-01-2014,2014-01,2014-02,2013-12
01-03-2014,01-04-2014,01-02-2014,2014-02,2014-03,2014-01
01-04-2014,01-05-2014,01-03-2014,2014-03,2014-04,2014-02
01-05-2014,01-06-2014,01-04-2014,2014-04,2014-05,2014-03
01-06-2014,01-07-2014,01-05-2014,2014-05,2014-06,2014-04
01-07-2014,01-08-2014,01-06-2014,2014-06,2014-07,2014-05
01-08-2014,01-09-2014,01-07-2014,2014-07,2014-08,2014-06
01-09-2014,01-10-2014,01-08-2014,2014-08,2014-09,2014-07
01-10-2014,01-11-2014,01-09-2014,2014-09,2014-10,2014-08
01-11-2014,01-12-2014,01-10-2014,2014-10,2014-11,2014-09
01-12-2014,01-01-2015,01-11-2014,2014-11,2014-12,2014-10
01-01-2015,01-02-2015,01-12-2014,2014-12,2015-01,2014-11
01-02-2015,01-03-2015,01-01-2015,2015-01,2015-02,2014-12
01-03-2015,01-04-2015,01-02-2015,2015-02,2015-03,2015-01
01-04-2015,01-05-2015,01-03-2015,2015-03,2015-04,2015-02
01-05-2015,01-06-2015,01-04-2015,2015-04,2015-05,2015-03
01-06-2015,01-07-2015,01-05-2015,2015-05,2015-06,2015-04
01-07-2015,01-08-2015,01-06-2015,2015-06,2015-07,2015-05
01-08-2015,01-09-2015,01-07-2015,2015-07,2015-08,2015-06
01-09-2015,01-10-2015,01-08-2015,2015-08,2015-09,2015-07
01-10-2015,01-11-2015,01-09-2015,2015-09,2015-10,2015-08
01-11-2015,01-12-2015,01-10-2015,2015-10,2015-11,2015-09
01-12-2015,01-01-2016,01-11-2015,2015-11,2015-12,2015-10
01-01-2016,01-02-2016,01-12-2015,2015-12,2016-01,2015-11
01-02-2016,01-03-2016,01-01-2016,2016-01,2016-02,2015-12
01-03-2016,01-04-2016,01-02-2016,2016-02,2016-03,2016-01
01-04-2016,01-05-2016,01-03-2016,2016-03,2016-04,2016-02
01-05-2016,01-06-2016,01-04-2016,2016-04,2016-05,2016-03
01-06-2016,01-07-2016,01-05-2016,2016-05,2016-06,2016-04
01-07-2016,01-08-2016,01-06-2016,2016-06,2016-07,2016-05
01-08-2016,01-09-2016,01-07-2016,2016-07,2016-08,2016-06
01-09-2016,01-10-2016,01-08-2016,2016-08,2016-09,2016-07
01-10-2016,01-11-2016,01-09-2016,2016-09,2016-10,2016-08
01-11-2016,01-12-2016,01-10-2016,2016-10,2016-11,2016-09
01-12-2016,01-01-2017,01-11-2016,2016-11,2016-12,2016-10
01-01-2017,01-02-2017,01-12-2016,2016-12,2017-01,2016-11
01-02-2017,01-03-2017,01-01-2017,2017-01,2017-02,2016-12
01-03-2017,01-04-2017,01-02-2017,2017-02,2017-03,2017-01
01-04-2017,01-05-2017,01-03-2017,2017-03,2017-04,2017-02
01-05-2017,01-06-2017,01-04-2017,2017-04,2017-05,2017-03
01-06-2017,01-07-2017,01-05-2017,2017-05,2017-06,2017-04
01-07-2017,01-08-2017,01-06-2017,2017-06,2017-07,2017-05
01-08-2017,01-09-2017,01-07-2017,2017-07,2017-08,2017-06
01-09-2017,01-10-2017,01-08-2017,2017-08,2017-09,2017-07
01-10-2017,01-11-2017,01-09-2017,2017-09,2017-10,2017-08
01-11-2017,01-12-2017,01-10-2017,2017-10,2017-11,2017-09
01-12-2017,01-01-2018,01-11-2017,2017-11,2017-12,2017-10
01-01-2018,01-02-2018,01-12-2017,2017-12,2018-01,2017-11
01-02-2018,01-03-2018,01-01-2018,2018-01,2018-02,2017-12
01-03-2018,01-04-2018,01-02-2018,2018-02,2018-03,2018-01
01-04-2018,01-05-2018,01-03-2018,2018-03,2018-04,2018-02
01-05-2018,01-06-2018,01-04-2018,2018-04,2018-05,2018-03
01-06-2018,01-07-2018,01-05-2018,2018-05,2018-06,2018-04
01-07-2018,01-08-2018,01-06-2018,2018-06,2018-07,2018-05
01-08-2018,01-09-2018,01-07-2018,2018-07,2018-08,2018-06
01-09-2018,01-10-2018,01-08-2018,2018-08,2018-09,2018-07
01-10-2018,01-11-2018,01-09-2018,2018-09,2018-10,2018-08
01-11-2018,01-12-2018,01-10-2018,2018-10,2018-11,2018-09
01-12-2018,01-01-2019,01-11-2018,2018-11,2018-12,2018-10
01-01-2019,01-02-2019,01-12-2018,2018-12,2019-01,2018-11
01-02-2019,01-03-2019,01-01-2019,2019-01,2019-02,2018-12
01-03-2019,01-04-2019,01-02-2019,2019-02,2019-03,2019-01
01-04-2019,01-05-2019,01-03-2019,2019-03,2019-04,2019-02
01-05-2019,01-06-2019,01-04-2019,2019-04,2019-05,2019-03
01-06-2019,01-07-2019,01-05-2019,2019-05,2019-06,2019-04
01-07-2019,01-08-2019,01-06-2019,2019-06,2019-07,2019-05
01-08-2019,01-09-2019,01-07-2019,2019-07,2019-08,2019-06
01-09-2019,01-10-2019,01-08-2019,2019-08,2019-09,2019-07
01-10-2019,01-11-2019,01-09-2019,2019-09,2019-10,2019-08
01-11-2019,01-12-2019,01-10-2019,2019-10,2019-11,2019-09
01-12-2019,01-01-2020,01-11-2019,2019-11,2019-12,2019-10
01-01-2020,01-02-2020,01-12-2019,2019-12,2020-01,2019-11
01-02-2020,01-03-2020,01-01-2020,2020-01,2020-02,2019-12
01-03-2020,01-04-2020,01-02-2020,2020-02,2020-03,2020-01
01-04-2020,01-05-2020,01-03-2020,2020-03,2020-04,2020-02
01-05-2020,01-06-2020,01-04-2020,2020-04,2020-05,2020-03
01-06-2020,01-07-2020,01-05-2020,2020-05,2020-06,2020-04
01-07-2020,01-08-2020,01-06-2020,2020-06,2020-07,2020-05
01-08-2020,01-09-2020,01-07-2020,2020-07,2020-08,2020-06
01-09-2020,01-10-2020,01-08-2020,2020-08,2020-09,2020-07
01-10-2020,01-11-2020,01-09-2020,2020-09,2020-10,2020-08
01-11-2020,01-12-2020,01-10-2020,2020-10,2020-11,2020-09
01-12-2020,01-01-2021,01-11-2020,2020-11,2020-12,2020-10
01-01-2021,01-02-2021,01-12-2020,2020-12,2021-01,2020-11
01-02-2021,01-03-2021,01-01-2021,2021-01,2021-02,2020-12
01-03-2021,01-04-2021,01-02-2021,2021-02,2021-03,2021-01
01-04-2021,01-05-2021,01-03-2021,2021-03,2021-04,2021-02
01-05-2021,01-06-2021,01-04-2021,2021-04,2021-05,2021-03
01-06-2021,01-07-2021,01-05-2021,2021-05,2021-06,2021-04
01-07-2021,01-08-2021,01-06-2021,2021-06,2021-07,2021-05
01-08-2021,01-09-2021,01-07-2021,2021-07,2021-08,2021-06
01-09-2021,01-10-2021,01-08-2021,2021-08,2021-09,2021-07
01-10-2021,01-11-2021,01-09-2021,2021-09,2021-10,2021-08
01-11-2021,01-12-2021,01-10-2021,2021-10,2021-11,2021-09
01-12-2021,01-01-2022,01-11-2021,2021-11,2021-12,2021-10
01-01-2022,01-02-2022,01-12-2021,2021-12,2022-01,2021-11
01-02-2022,01-03-2022,01-01-2022,2022-01,2022-02,2021-12
01-03-2022,01-04-2022,01-02-2022,2022-02,2022-03,2022-01
01-04-2022,01-05-2022,01-03-2022,2022-03,2022-04,2022-02
01-05-2022,01-06-2022,01-04-2022,2022-04,2022-05,2022-03
01-06-2022,01-07-2022,01-05-2022,2022-05,2022-06,2022-04
01-07-2022,01-08-2022,01-06-2022,2022-06,2022-07,2022-05
01-08-2022,01-09-2022,01-07-2022,2022-07,2022-08,2022-06
01-09-2022,01-10-2022,01-08-2022,2022-08,2022-09,2022-07
01-10-2022,01-11-2022,01-09-2022,2022-09,2022-10,2022-08
01-11-2022,01-12-2022,01-10-2022,2022-10,2022-11,2022-09
01-12-2022,01-01-2023,01-11-2022,2022-11,2022-12,2022-10
01-01-2023,01-02-2023,01-12-2022,2022-12,2023-01,2022-11
01-02-2023,01-03-2023,01-01-2023,2023-01,2023-02,2022-12
01-03-2023,01-04-2023,01-02-2023,2023-02,2023-03,2023-01
01-04-2023,01-05-2023,01-03-2023,2023-03,2023-04,2023-02
01-05-2023,01-06-2023,01-04-2023,2023-04,2023-05,2023-03
01-06-2023,01-07-2023,01-05-2023,2023-05,2023-06,2023-04
01-07-2023,01-08-2023,01-06-2023,2023-06,2023-07,2023-05
01-08-2023,01-09-2023,01-07-2023,2023-07,2023-08,2023-06
01-09-2023,01-10-2023,01-08-2023,2023-08,2023-09,2023-07
01-10-2023,01-11-2023,01-09-2023,2023-09,2023-10,2023-08
01-11-2023,01-12-2023,01-10-2023,2023-10,2023-11,2023-09
01-12-2023,01-01-2024,01-11-2023,2023-11,2023-12,2023-10
01-01-2024,01-02-2024,01-12-2023,2023-12,2024-01,2023-11
01-02-2024,01-03-2024,01-01-2024,2024-01,2024-02,2023-12
01-03-2024,01-04-2024,01-02-2024,2024-02,2024-03,2024-01
01-04-2024,01-05-2024,01-03-2024,2024-03,2024-04,2024-02
01-05-2024,01-06-2024,01-04-2024,2024-04,2024-05,2024-03
01-06-2024,01-07-2024,01-05-2024,2024-05,2024-06,2024-04
01-07-2024,01-08-2024,01-06-2024,2024-06,2024-07,2024-05
01-08-2024,01-09-2024,01-07-2024,2024-07,2024-08,2024-06
01-09-2024,01-10-2024,01-08-2024,2024-08,2024-09,2024-07
01-10-2024,01-11-2024,01-09-2024,2024-09,2024-10,2024-08
01-11-2024,01-12-2024,01-10-2024,2024-10,2024-11,2024-09
01-12-2024,01-01-2025,01-11-2024,2024-11,2024-12,2024-10
01-01-2025,01-02-2025,01-12-2024,2024-12,2025-01,2024-11
01-02-2025,01-03-2025,01-01-2025,2025-01,2025-02,2024-12
01-03-2025,01-04-2025,01-02-2025,2025-02,2025-03,2025-01
01-04-2025,01-05-2025,01-03-2025,2025-03,2025-04,2025-02
01-05-2025,01-06-2025,01-04-2025,2025-04,2025-05,2025-03
01-06-2025,01-07-2025,01-05-2025,2025-05,2025-06,2025-04
01-07-2025,01-08-2025,01-06-2025,2025-06,2025-07,2025-05
01-08-2025,01-09-2025,01-07-2025,2025-07,2025-08,2025-06
01-09-2025,01-10-2025,01-08-2025,2025-08,2025-09,2025-07
01-10-2025,01-11-2025,01-09-2025,2025-09,2025-10,2025-08
01-11-2025,01-12-2025,01-10-2025,2025-10,2025-11,2025-09
01-12-2025,01-01-2026,01-11-2025,2025-11,2025-12,2025-10
01-01-2026,01-02-2026,01-12-2025,2025-12,2026-01,2025-11
01-02-2026,01-03-2026,01-01-2026,2026-01,2026-02,2025-12
01-03-2026,01-04-2026,01-02-2026,2026-02,2026-03,2026-01
01-04-2026,01-05-2026,01-03-2026,2026-03,2026-04,2026-02
01-05-2026,01-06-2026,01-04-2026,2026-04,2026-05,2026-03
01-06-2026,01-07-2026,01-05-2026,2026-05,2026-06,2026-04
01-07-2026,01-08-2026,01-06-2026,2026-06,2026-07,2026-05
01-08-2026,01-09-2026,01-07-2026,2026-07,2026-08,2026-06
01-09-2026,01-10-2026,01-08-2026,2026-08,2026-09,2026-07
01-10-2026,01-11-2026,01-09-2026,2026-09,2026-10,2026-08
01-11-2026,01-12-2026,01-10-2026,2026-10,2026-11,2026-09
01-12-2026,01-01-2027,01-11-2026,2026-11,2026-12,2026-10
01-01-2027,01-02-2027,01-12-2026,2026-12,2027-01,2026-11
01-02-2027,01-03-2027,01-01-2027,2027-01,2027-02,2026-12
01-03-2027,01-04-2027,01-02-2027,2027-02,2027-03,2027-01
01-04-2027,01-05-2027,01-03-2027,2027-03,2027-04,2027-02
01-05-2027,01-06-2027,01-04-2027,2027-04,2027-05,2027-03
01-06-2027,01-07-2027,01-05-2027,2027-05,2027-06,2027-04
01-07-2027,01-08-2027,01-06-2027,2027-06,2027-07,2027-05
01-08-2027,01-09-2027,01-07-2027,2027-07,2027-08,2027-06
01-09-2027,01-10-2027,01-08-2027,2027-08,2027-09,2027-07
01-10-2027,01-11-2027,01-09-2027,2027-09,2027-10,2027-08
01-11-2027,01-12-2027,01-10-2027,2027-10,2027-11,2027-09
01-12-2027,01-01-2028,01-11-2027,2027-11,2027-12,2027-10
01-01-2028,01-02-2028,01-12-2027,2027-12,2028-01,2027-11
01-02-2028,01-03-2028,01-01-2028,2028-01,2028-02,2027-12
01-03-2028,01-04-2028,01-02-2028,2028-02,2028-03,2028-01
01-04-2028,01-05-2028,01-03-2028,2028-03,2028-04,2028-02
01-05-2028,01-06-2028,01-04-2028,2028-04,2028-05,2028-03
01-06-2028,01-07-2028,01-05-2028,2028-05,2028-06,2028-04
01-07-2028,01-08-2028,01-06-2028,2028-06,2028-07,2028-05
01-08-2028,01-09-2028,01-07-2028,2028-07,2028-08,2028-06
01-09-2028,01-10-2028,01-08-2028,2028-08,2028-09,2028-07
01-10-2028,01-11-2028,01-09-2028,2028-09,2028-10,2028-08
01-11-2028,01-12-2028,01-10-2028,2028-10,2028-11,2028-09
01-12-2028,01-01-2029,01-11-2028,2028-11,2028-12,2028-10
01-01-2029,01-02-2029,01-12-2028,2028-12,2029-01,2028-11
01-02-2029,01-03-2029,01-01-2029,2029-01,2029-02,2028-12
01-03-2029,01-04-2029,01-02-2029,2029-02,2029-03,2029-01
01-04-2029,01-05-2029,01-03-2029,2029-03,2029-04,2029-02
01-05-2029,01-06-2029,01-04-2029,2029-04,2029-05,2029-03
01-06-2029,01-07-2029,01-05-2029,2029-05,2029-06,2029-04
01-07-2029,01-08-2029,01-06-2029,2029-06,2029-07,2029-05
01-08-2029,01-09-2029,01-07-2029,2029-07,2029-08,2029-06
01-09-2029,01-10-2029,01-08-2029,2029-08,2029-09,2029-07
01-10-2029,01-11-2029,01-09-2029,2029-09,2029-10,2029-08
01-11-2029,01-12-2029,01-10-2029,2029-10,2029-11,2029-09
01-12-2029,01-01-2030,01-11-2029,2029-11,2029-12,2029-10
01-01-2030,01-02-2030,01-12-2029,2029-12,2030-01,2029-11
01-02-2030,01-03-2030,01-01-2030,2030-01,2030-02,2029-12
01-03-2030,01-04-2030,01-02-2030,2030-02,2030-03,2030-01
01-04-2030,01-05-2030,01-03-2030,2030-03,2030-04,2030-02
01-05-2030,01-06-2030,01-04-2030,2030-04,2030-05,2030-03
01-06-2030,01-07-2030,01-05-2030,2030-05,2030-06,2030-04
01-07-2030,01-08-2030,01-06-2030,2030-06,2030-07,2030-05
01-08-2030,01-09-2030,01-07-2030,2030-07,2030-08,2030-06
01-09-2030,01-10-2030,01-08-2030,2030-08,2030-09,2030-07
01-10-2030,01-11-2030,01-09-2030,2030-09,2030-10,2030-08
01-11-2030,01-12-2030,01-10-2030,2030-10,2030-11,2030-09
01-12-2030,01-01-2031,01-11-2030,2030-11,2030-12,2030-10
01-01-2031,01-02-2031,01-12-2030,2030-12,2031-01,2030-11
01-02-2031,01-03-2031,01-01-2031,2031-01,2031-02,2030-12
01-03-2031,01-04-2031,01-02-2031,2031-02,2031-03,2031-01
01-04-2031,01-05-2031,01-03-2031,2031-03,2031-04,2031-02
01-05-2031,01-06-2031,01-04-2031,2031-04,2031-05,2031-03
01-06-2031,01-07-2031,01-05-2031,2031-05,2031-06,2031-04
01-07-2031,01-08-2031,01-06-2031,2031-06,2031-07,2031-05
01-08-2031,01-09-2031,01-07-2031,2031-07,2031-08,2031-06
01-09-2031,01-10-2031,01-08-2031,2031-08,2031-09,2031-07
01-10-2031,01-11-2031,01-09-2031,2031-09,2031-10,2031-08
01-11-2031,01-12-2031,01-10-2031,2031-10,2031-11,2031-09
01-12-2031,01-01-2032,01-11-2031,2031-11,2031-12,2031-10
01-01-2032,01-02-2032,01-12-2031,2031-12,2032-01,2031-11
01-02-2032,01-03-2032,01-01-2032,2032-01,2032-02,2031-12
01-03-2032,01-04-2032,01-02-2032,2032-02,2032-03,2032-01
01-04-2032,01-05-2032,01-03-2032,2032-03,2032-04,2032-02
01-05-2032,01-06-2032,01-04-2032,2032-04,2032-05,2032-03
01-06-2032,01-07-2032,01-05-2032,2032-05,2032-06,2032-04
01-07-2032,01-08-2032,01-06-2032,2032-06,2032-07,2032-05
01-08-2032,01-09-2032,01-07-2032,2032-07,2032-08,2032-06
01-09-2032,01-10-2032,01-08-2032,2032-08,2032-09,2032-07
01-10-2032,01-11-2032,01-09-2032,2032-09,2032-10,2032-08
01-11-2032,01-12-2032,01-10-2032,2032-10,2032-11,2032-09
01-12-2032,01-01-2033,01-11-2032,2032-11,2032-12,2032-10
01-01-2033,01-02-2033,01-12-2032,2032-12,2033-01,2032-11
01-02-2033,01-03-2033,01-01-2033,2033-01,2033-02,2032-12
01-03-2033,01-04-2033,01-02-2033,2033-02,2033-03,2033-01
01-04-2033,01-05-2033,01-03-2033,2033-03,2033-04,2033-02
01-05-2033,01-06-2033,01-04-2033,2033-04,2033-05,2033-03
01-06-2033,01-07-2033,01-05-2033,2033-05,2033-06,2033-04
01-07-2033,01-08-2033,01-06-2033,2033-06,2033-07,2033-05
01-08-2033,01-09-2033,01-07-2033,2033-07,2033-08,2033-06
01-09-2033,01-10-2033,01-08-2033,2033-08,2033-09,2033-07
01-10-2033,01-11-2033,01-09-2033,2033-09,2033-10,2033-08
01-11-2033,01-12-2033,01-10-2033,2033-10,2033-11,2033-09
01-12-2033,01-01-2034,01-11-2033,2033-11,2033-12,2033-10
01-01-2034,01-02-2034,01-12-2033,2033-12,2034-01,2033-11
01-02-2034,01-03-2034,01-01-2034,2034-01,2034-02,2033-12
01-03-2034,01-04-2034,01-02-2034,2034-02,2034-03,2034-01
01-04-2034,01-05-2034,01-03-2034,2034-03,2034-04,2034-02
01-05-2034,01-06-2034,01-04-2034,2034-04,2034-05,2034-03
01-06-2034,01-07-2034,01-05-2034,2034-05,2034-06,2034-04
01-07-2034,01-08-2034,01-06-2034,2034-06,2034-07,2034-05
01-08-2034,01-09-2034,01-07-2034,2034-07,2034-08,2034-06
01-09-2034,01-10-2034,01-08-2034,2034-08,2034-09,2034-07
01-10-2034,01-11-2034,01-09-2034,2034-09,2034-10,2034-08
01-11-2034,01-12-2034,01-10-2034,2034-10,2034-11,2034-09
01-12-2034,01-01-2035,01-11-2034,2034-11,2034-12,2034-10
01-01-2035,01-02-2035,01-12-2034,2034-12,2035-01,2034-11
01-02-2035,01-03-2035,01-01-2035,2035-01,2035-02,2034-12
01-03-2035,01-04-2035,01-02-2035,2035-02,2035-03,2035-01
01-04-2035,01-05-2035,01-03-2035,2035-03,2035-04,2035-02
01-05-2035,01-06-2035,01-04-2035,2035-04,2035-05,2035-03
01-06-2035,01-07-2035,01-05-2035,2035-05,2035-06,2035-04
01-07-2035,01-08-2035,01-06-2035,2035-06,2035-07,2035-05
01-08-2035,01-09-2035,01-07-2035,2035-07,2035-08,2035-06
01-09-2035,01-10-2035,01-08-2035,2035-08,2035-09,2035-07
01-10-2035,01-11-2035,01-09-2035,2035-09,2035-10,2035-08
01-11-2035,01-12-2035,01-10-2035,2035-10,2035-11,2035-09
01-12-2035,01-01-2036,01-11-2035,2035-11,2035-12,2035-10
01-01-2036,01-02-2036,01-12-2035,2035-12,2036-01,2035-11
01-02-2036,01-03-2036,01-01-2036,2036-01,2036-02,2035-12
01-03-2036,01-04-2036,01-02-2036,2036-02,2036-03,2036-01
01-04-2036,01-05-2036,01-03-2036,2036-03,2036-04,2036-02
01-05-2036,01-06-2036,01-04-2036,2036-04,2036-05,2036-03
01-06-2036,01-07-2036,01-05-2036,2036-05,2036-06,2036-04
01-07-2036,01-08-2036,01-06-2036,2036-06,2036-07,2036-05
01-08-2036,01-09-2036,01-07-2036,2036-07,2036-08,2036-06
01-09-2036,01-10-2036,01-08-2036,2036-08,2036-09,2036-07
01-10-2036,01-11-2036,01-09-2036,2036-09,2036-10,2036-08
01-11-2036,01-12-2036,01-10-2036,2036-10,2036-11,2036-09
01-12-2036,01-01-2037,01-11-2036,2036-11,2036-12,2036-10
01-01-2037,01-02-2037,01-12-2036,2036-12,2037-01,2036-11
01-02-2037,01-03-2037,01-01-2037,2037-01,2037-02,2036-12
01-03-2037,01-04-2037,01-02-2037,2037-02,2037-03,2037-01
01-04-2037,01-05-2037,01-03-2037,2037-03,2037-04,2037-02
01-05-2037,01-06-2037,01-04-2037,2037-04,2037-05,2037-03
01-06-2037,01-07-2037,01-05-2037,2037-05,2037-06,2037-04
01-07-2037,01-08-2037,01-06-2037,2037-06,2037-07,2037-05
01-08-2037,01-09-2037,01-07-2037,2037-07,2037-08,2037-06
01-09-2037,01-10-2037,01-08-2037,2037-08,2037-09,2037-07
01-10-2037,01-11-2037,01-09-2037,2037-09,2037-10,2037-08
01-11-2037,01-12-2037,01-10-2037,2037-10,2037-11,2037-09
01-12-2037,01-01-2038,01-11-2037,2037-11,2037-12,2037-10
01-01-2038,01-02-2038,01-12-2037,2037-12,2038-01,2037-11
01-02-2038,01-03-2038,01-01-2038,2038-01,2038-02,2037-12
01-03-2038,01-04-2038,01-02-2038,2038-02,2038-03,2038-01
01-04-2038,01-05-2038,01-03-2038,2038-03,2038-04,2038-02
01-05-2038,01-06-2038,01-04-2038,2038-04,2038-05,2038-03
01-06-2038,01-07-2038,01-05-2038,2038-05,2038-06,2038-04
01-07-2038,01-08-2038,01-06-2038,2038-06,2038-07,2038-05
01-08-2038,01-09-2038,01-07-2038,2038-07,2038-08,2038-06
01-09-2038,01-10-2038,01-08-2038,2038-08,2038-09,2038-07
01-10-2038,01-11-2038,01-09-2038,2038-09,2038-10,2038-08
01-11-2038,01-12-2038,01-10-2038,2038-10,2038-11,2038-09
01-12-2038,01-01-2039,01-11-2038,2038-11,2038-12,2038-10
01-01-2039,01-02-2039,01-12-2038,2038-12,2039-01,2038-11
01-02-2039,01-03-2039,01-01-2039,2039-01,2039-02,2038-12
01-03-2039,01-04-2039,01-02-2039,2039-02,2039-03,2039-01
01-04-2039,01-05-2039,01-03-2039,2039-03,2039-04,2039-02
01-05-2039,01-06-2039,01-04-2039,2039-04,2039-05,2039-03
01-06-2039,01-07-2039,01-05-2039,2039-05,2039-06,2039-04
01-07-2039,01-08-2039,01-06-2039,2039-06,2039-07,2039-05
01-08-2039,01-09-2039,01-07-2039,2039-07,2039-08,2039-06
01-09-2039,01-10-2039,01-08-2039,2039-08,2039-09,2039-07
01-10-2039,01-11-2039,01-09-2039,2039-09,2039-10,2039-08
01-11-2039,01-12-2039,01-10-2039,2039-10,2039-11,2039-09
01-12-2039,01-01-2040,01-11-2039,2039-11,2039-12,2039-10
01-01-2040,01-02-2040,01-12-2039,2039-12,2040-01,2039-11
01-02-2040,01-03-2040,01-01-2040,2040-01,2040-02,2039-12
01-03-2040,01-04-2040,01-02-2040,2040-02,2040-03,2040-01
01-04-2040,01-05-2040,01-03-2040,2040-03,2040-04,2040-02
01-05-2040,01-06-2040,01-04-2040,2040-04,2040-05,2040-03
01-06-2040,01-07-2040,01-05-2040,2040-05,2040-06,2040-04
01-07-2040,01-08-2040,01-06-2040,2040-06,2040-07,2040-05
01-08-2040,01-09-2040,01-07-2040,2040-07,2040-08,2040-06
01-09-2040,01-10-2040,01-08-2040,2040-08,2040-09,2040-07
01-10-2040,01-11-2040,01-09-2040,2040-09,2040-10,2040-08
01-11-2040,01-12-2040,01-10-2040,2040-10,2040-11,2040-09
01-12-2040,01-01-2041,01-11-2040,2040-11,2040-12,2040-10
01-01-2041,01-02-2041,01-12-2040,2040-12,2041-01,2040-11
01-02-2041,01-03-2041,01-01-2041,2041-01,2041-02,2040-12
01-03-2041,01-04-2041,01-02-2041,2041-02,2041-03,2041-01
01-04-2041,01-05-2041,01-03-2041,2041-03,2041-04,2041-02
01-05-2041,01-06-2041,01-04-2041,2041-04,2041-05,2041-03
01-06-2041,01-07-2041,01-05-2041,2041-05,2041-06,2041-04
01-07-2041,01-08-2041,01-06-2041,2041-06,2041-07,2041-05
01-08-2041,01-09-2041,01-07-2041,2041-07,2041-08,2041-06
01-09-2041,01-10-2041,01-08-2041,2041-08,2041-09,2041-07
01-10-2041,01-11-2041,01-09-2041,2041-09,2041-10,2041-08
01-11-2041,01-12-2041,01-10-2041,2041-10,2041-11,2041-09
01-12-2041,01-01-2042,01-11-2041,2041-11,2041-12,2041-10
01-01-2042,01-02-2042,01-12-2041,2041-12,2042-01,2041-11
01-02-2042,01-03-2042,01-01-2042,2042-01,2042-02,2041-12
01-03-2042,01-04-2042,01-02-2042,2042-02,2042-03,2042-01
01-04-2042,01-05-2042,01-03-2042,2042-03,2042-04,2042-02
01-05-2042,01-06-2042,01-04-2042,2042-04,2042-05,2042-03
01-06-2042,01-07-2042,01-05-2042,2042-05,2042-06,2042-04
01-07-2042,01-08-2042,01-06-2042,2042-06,2042-07,2042-05
01-08-2042,01-09-2042,01-07-2042,2042-07,2042-08,2042-06
01-09-2042,01-10-2042,01-08-2042,2042-08,2042-09,2042-07
01-10-2042,01-11-2042,01-09-2042,2042-09,2042-10,2042-08
01-11-2042,01-12-2042,01-10-2042,2042-10,2042-11,2042-09
01-12-2042,01-01-2043,01-11-2042,2042-11,2042-12,2042-10
01-01-2043,01-02-2043,01-12-2042,2042-12,2043-01,2042-11
01-02-2043,01-03-2043,01-01-2043,2043-01,2043-02,2042-12
01-03-2043,01-04-2043,01-02-2043,2043-02,2043-03,2043-01
01-04-2043,01-05-2043,01-03-2043,2043-03,2043-04,2043-02
01-05-2043,01-06-2043,01-04-2043,2043-04,2043-05,2043-03
01-06-2043,01-07-2043,01-05-2043,2043-05,2043-06,2043-04
01-07-2043,01-08-2043,01-06-2043,2043-06,2043-07,2043-05
01-08-2043,01-09-2043,01-07-2043,2043-07,2043-08,2043-06
01-09-2043,01-10-2043,01-08-2043,2043-08,2043-09,2043-07
01-10-2043,01-11-2043,01-09-2043,2043-09,2043-10,2043-08
01-11-2043,01-12-2043,01-10-2043,2043-10,2043-11,2043-09
01-12-2043,01-01-2044,01-11-2043,2043-11,2043-12,2043-10
01-01-2044,01-02-2044,01-12-2043,2043-12,2044-01,2043-11
01-02-2044,01-03-2044,01-01-2044,2044-01,2044-02,2043-12
01-03-2044,01-04-2044,01-02-2044,2044-02,2044-03,2044-01
01-04-2044,01-05-2044,01-03-2044,2044-03,2044-04,2044-02
01-05-2044,01-06-2044,01-04-2044,2044-04,2044-05,2044-03
01-06-2044,01-07-2044,01-05-2044,2044-05,2044-06,2044-04
01-07-2044,01-08-2044,01-06-2044,2044-06,2044-07,2044-05
01-08-2044,01-09-2044,01-07-2044,2044-07,2044-08,2044-06
01-09-2044,01-10-2044,01-08-2044,2044-08,2044-09,2044-07
01-10-2044,01-11-2044,01-09-2044,2044-09,2044-10,2044-08
01-11-2044,01-12-2044,01-10-2044,2044-10,2044-11,2044-09
01-12-2044,01-01-2045,01-11-2044,2044-11,2044-12,2044-10
01-01-2045,01-02-2045,01-12-2044,2044-12,2045-01,2044-11
01-02-2045,01-03-2045,01-01-2045,2045-01,2045-02,2044-12
01-03-2045,01-04-2045,01-02-2045,2045-02,2045-03,2045-01
01-04-2045,01-05-2045,01-03-2045,2045-03,2045-04,2045-02
01-05-2045,01-06-2045,01-04-2045,2045-04,2045-05,2045-03
01-06-2045,01-07-2045,01-05-2045,2045-05,2045-06,2045-04
01-07-2045,01-08-2045,01-06-2045,2045-06,2045-07,2045-05
01-08-2045,01-09-2045,01-07-2045,2045-07,2045-08,2045-06
01-09-2045,01-10-2045,01-08-2045,2045-08,2045-09,2045-07
01-10-2045,01-11-2045,01-09-2045,2045-09,2045-10,2045-08
01-11-2045,01-12-2045,01-10-2045,2045-10,2045-11,2045-09
01-12-2045,01-01-2046,01-11-2045,2045-11,2045-12,2045-10
01-01-2046,01-02-2046,01-12-2045,2045-12,2046-01,2045-11
01-02-2046,01-03-2046,01-01-2046,2046-01,2046-02,2045-12
01-03-2046,01-04-2046,01-02-2046,2046-02,2046-03,2046-01
01-04-2046,01-05-2046,01-03-2046,2046-03,2046-04,2046-02
01-05-2046,01-06-2046,01-04-2046,2046-04,2046-05,2046-03
01-06-2046,01-07-2046,01-05-2046,2046-05,2046-06,2046-04
01-07-2046,01-08-2046,01-06-2046,2046-06,2046-07,2046-05
01-08-2046,01-09-2046,01-07-2046,2046-07,2046-08,2046-06
01-09-2046,01-10-2046,01-08-2046,2046-08,2046-09,2046-07
01-10-2046,01-11-2046,01-09-2046,2046-09,2046-10,2046-08
01-11-2046,01-12-2046,01-10-2046,2046-10,2046-11,2046-09
01-12-2046,01-01-2047,01-11-2046,2046-11,2046-12,2046-10
01-01-2047,01-02-2047,01-12-2046,2046-12,2047-01,2046-11
01-02-2047,01-03-2047,01-01-2047,2047-01,2047-02,2046-12
01-03-2047,01-04-2047,01-02-2047,2047-02,2047-03,2047-01
01-04-2047,01-05-2047,01-03-2047,2047-03,2047-04,2047-02
01-05-2047,01-06-2047,01-04-2047,2047-04,2047-05,2047-03
01-06-2047,01-07-2047,01-05-2047,2047-05,2047-06,2047-04
01-07-2047,01-08-2047,01-06-2047,2047-06,2047-07,2047-05
01-08-2047,01-09-2047,01-07-2047,2047-07,2047-08,2047-06
01-09-2047,01-10-2047,01-08-2047,2047-08,2047-09,2047-07
01-10-2047,01-11-2047,01-09-2047,2047-09,2047-10,2047-08
01-11-2047,01-12-2047,01-10-2047,2047-10,2047-11,2047-09
01-12-2047,01-01-2048,01-11-2047,2047-11,2047-12,2047-10
01-01-2048,01-02-2048,01-12-2047,2047-12,2048-01,2047-11
01-02-2048,01-03-2048,01-01-2048,2048-01,2048-02,2047-12
01-03-2048,01-04-2048,01-02-2048,2048-02,2048-03,2048-01
01-04-2048,01-05-2048,01-03-2048,2048-03,2048-04,2048-02
01-05-2048,01-06-2048,01-04-2048,2048-04,2048-05,2048-03
01-06-2048,01-07-2048,01-05-2048,2048-05,2048-06,2048-04
01-07-2048,01-08-2048,01-06-2048,2048-06,2048-07,2048-05
01-08-2048,01-09-2048,01-07-2048,2048-07,2048-08,2048-06
01-09-2048,01-10-2048,01-08-2048,2048-08,2048-09,2048-07
01-10-2048,01-11-2048,01-09-2048,2048-09,2048-10,2048-08
01-11-2048,01-12-2048,01-10-2048,2048-10,2048-11,2048-09
01-12-2048,01-01-2049,01-11-2048,2048-11,2048-12,2048-10
01-01-2049,01-02-2049,01-12-2048,2048-12,2049-01,2048-11
01-02-2049,01-03-2049,01-01-2049,2049-01,2049-02,2048-12
01-03-2049,01-04-2049,01-02-2049,2049-02,2049-03,2049-01
01-04-2049,01-05-2049,01-03-2049,2049-03,2049-04,2049-02
01-05-2049,01-06-2049,01-04-2049,2049-04,2049-05,2049-03
01-06-2049,01-07-2049,01-05-2049,2049-05,2049-06,2049-04
01-07-2049,01-08-2049,01-06-2049,2049-06,2049-07,2049-05
01-08-2049,01-09-2049,01-07-2049,2049-07,2049-08,2049-06
01-09-2049,01-10-2049,01-08-2049,2049-08,2049-09,2049-07
01-10-2049,01-11-2049,01-09-2049,2049-09,2049-10,2049-08
01-11-2049,01-12-2049,01-10-2049,2049-10,2049-11,2049-09
01-12-2049,01-01-2050,01-11-2049,2049-11,2049-12,2049-10
01-01-2050,01-02-2050,01-12-2049,2049-12,2050-01,2049-11
01-02-2050,01-03-2050,01-01-2050,2050-01,2050-02,2049-12
01-03-2050,01-04-2050,01-02-2050,2050-02,2050-03,2050-01
01-04-2050,01-05-2050,01-03-2050,2050-03,2050-04,2050-02
01-05-2050,01-06-2050,01-04-2050,2050-04,2050-05,2050-03
01-06-2050,01-07-2050,01-05-2050,2050-05,2050-06,2050-04
01-07-2050,01-08-2050,01-06-2050,2050-06,2050-07,2050-05
01-08-2050,01-09-2050,01-07-2050,2050-07,2050-08,2050-06
01-09-2050,01-10-2050,01-08-2050,2050-08,2050-09,2050-07
01-10-2050,01-11-2050,01-09-2050,2050-09,2050-10,2050-08
01-11-2050,01-12-2050,01-10-2050,2050-10,2050-11,2050-09
01-12-2050,01-01-2051,01-11-2050,2050-11,2050-12,2050-10
01-01-2051,01-02-2051,01-12-2050,2050-12,2051-01,2050-11